"w_0.jpg", [(681.56854838709683, 871.00308467741934), (1341.2741935483871, 367.83776209677421), (2727.7741935483873, 1307.0796975806452), (2084.8407258064517, 1804.6542943548386)]
"w_1.jpg", [(1163.8870967741934, 1275.0200000000002), (1504.5322580645161, 519.40709677419363), (2904.2741935483868, 940.56838709677436), (2538.8548387096771, 1665.213548387097)]
"w_3267.jpg", [(63.270161290322619, 846.94844758064505), (1670.2782258064512, 948.98070564516115), (1657.5241935483868, 1459.1419959677417), (50.516129032258107, 1414.502883064516)]
"w_2752.jpg", [(1541.2580645161293, 1447.275322580645), (929.54838709677438, 1322.4366129032255), (1285.3387096774195, 373.66241935483822), (2021.8870967741939, 548.4366129032253)]
"w_83.jpg", [(1894.7258064516127, 934.37483870967753), (1250.5967741935483, 1008.6974193548388), (1064.7903225806451, 141.60064516129023), (1727.5, 67.278064516128779)]
"w_3007.jpg", [(1634.5967741935483, 265.47161290322583), (2483.1129032258063, 624.69741935483876), (1888.5322580645161, 1813.8587096774197), (878.98387096774195, 1398.8909677419356)]
"w_6325.jpg", [(821.33669354838707, 1010.7712298387096), (1413.953629032258, 636.19260080645154), (2364.3770161290322, 1379.7591330645159), (1754.9879032258066, 1737.5655846774193)]
"w_10393.jpg", [(1523.7358870967741, 16.821754032257559), (2677.2116935483868, 9.1922373991933455), (1929.8064516129032, 1464.6867411668341), (1058.8145161290322, 1093.9266605216728)]
"w_3496.jpg", [(1064.7903225806451, 507.01999999999998), (2061.9516129032259, 407.92322580645168), (2260.1451612903224, 1881.9877419354843), (1287.758064516129, 1900.5683870967746)]
"w_4675.jpg", [(246.08064516129036, 24.09870967741972), (1858.3387096774195, 669.00193548387119), (1415.7580645161293, 1225.3890322580646), (62.725806451612925, 548.87290322580657)]
"w_10158.jpg", [(212.11290322580646, 424.58354838709715), (1187.9516129032259, 408.2287096774196), (1406.016129032258, 1656.6480645161291), (462.88709677419354, 1727.5190322580645)]
"w_1947.jpg", [(1531.4193548387098, 1470.1401612903228), (3012.6129032258063, 962.88209677419354), (4270.6129032258059, 2941.1885483870965), (2545.9354838709678, 3235.3982258064511)]
"w_4159.jpg", [(1603.6290322580644, 17.72967741935463), (2105.3064516129029, 3.5067096774196216), (2123.8870967741937, 441.97513548387133), (1708.9193548387098, 491.5235225806457)]
"w_273.jpg", [(1919.5, 253.08451612903218), (2842.338709677419, 1014.8909677419356), (959.5, 1919.1490322580648), (377.30645161290317, 1008.6974193548388)]
"w_9742.jpg", [(490.39919354838713, 77.942862903225432), (1508.5604838709678, 47.640443548386429), (1647.9516129032261, 1138.5275403225805), (781.30241935483878, 1187.0114112903225)]
"w_6762.jpg", [(1283.5, 41.1599999999994), (2447.4999999999995, 53.1599999999994), (2093.4999999999995, 1253.1599999999999), (1157.5, 1115.1599999999999)]
"w_3376.jpg", [(965.69354838709683, 500.82645161290316), (2105.3064516129029, 711.40709677419363), (1603.6290322580644, 1999.6651612903229), (767.5, 1943.9232258064519)]
"w_4844.jpg", [(581.69354838709683, 513.21354838709681), (1746.0806451612902, 810.50387096774193), (1485.9516129032259, 1250.2458064516131), (340.14516129032256, 909.60064516129046)]
"w_11072.jpg", [(453.9697580645161, 898.029254032258), (2177.8205645161288, 626.39215725806434), (2454.6814516129029, 1383.841754032258), (678.59274193548379, 1660.7026411290321)]
"w_3352.jpg", [(380.6895161290322, 1137.2175403225806), (1539.9233870967741, 526.26995967741937), (1748.7943548387095, 881.35060483870961), (652.2217741935483, 1643.729637096774)]
"w_9804.jpg", [(1312.7258064516129, 84.821612903225741), (2066.4032258064517, 79.111935483870639), (2037.8548387096778, 1352.3700000000001), (1307.0161290322583, 1300.9829032258065)]
"w_520.jpg", [(1668.4354838709678, 2041.2944758064518), (2305.266129032258, 1426.4235080645167), (4622.0120967741941, 2689.1049596774192), (3853.4233870967741, 3512.5928629032255)]
"w_453.jpg", [(1583.0403225806449, 769.26465725806383), (4461.2318548387093, 202.18602822580579), (4739.4213709677415, 1561.0348185483867), (1700.7358870967741, 2096.0146572580643)]
"w_8368.jpg", [(1682.8145161290322, 1046.2184274193546), (2154.9637096774195, 916.20633064516119), (2538.1572580645161, 1600.4805241935483), (1929.1532258064517, 1703.1216532258063)]
"w_6622.jpg", [(1188.6612903225805, 537.98774193548388), (1919.5, 630.89096774193558), (1764.6612903225805, 1621.8587096774195), (1058.5967741935483, 1467.0200000000002)]
"w_7683.jpg", [(909.95161290322585, 760.95548387096778), (3052.9193548387098, 612.31032258064511), (3046.7258064516127, 1429.8587096774195), (971.88709677419342, 1467.0200000000002)]
"w_7117.jpg", [(488.79032258064512, 364.56838709677413), (1919.5, 841.47161290322583), (1646.983870967742, 1392.697419354839), (383.5, 829.08451612903241)]
"w_4622.jpg", [(1730.9435483870968, 1689.7736491935489), (2445.6673387096771, 1417.9772782258069), (3009.3931451612907, 2454.8301008064518), (2304.7358870967746, 2797.092197580645)]
"w_9327.jpg", [(383.5, 1355.5361290322583), (1473.5645161290322, 432.69741935483853), (1950.4677419354839, 915.79419354838728), (922.33870967741927, 1770.5038709677424)]
"w_8688.jpg", [(928.6612903225805, 953.09983870967721), (1533.8387096774193, 757.48693548387087), (1601.0806451612902, 1454.3579032258062), (1136.4999999999998, 1582.7288709677418)]
"w_7747.jpg", [(2.0951341235186192, 913.62147677649887), (1612.7684667952133, 588.87384449611545), (1813.9395664379288, 1226.8736176487271), (26.390652469801353, 1537.2518856689162)]
"w_6452.jpg", [(449.53618215845336, 1166.9982135768162), (525.03099302444321, 682.08923609141948), (2084.2892020643112, 719.83664152441452), (2093.0001417796184, 1184.4200930074292)]
"w_11209.jpg", [(1361.8024193548385, 926.02949596774147), (3377.1673387096771, 462.56578629032219), (3419.3004032258059, 1515.892399193548), (1769.0887096774193, 1831.8903830645158)]
"w_4816.jpg", [(30.467741935483787, 1392.697419354839), (2000.016129032258, 841.47161290322583), (2216.7903225806449, 1367.9232258064519), (228.66129032258061, 2030.6329032258068)]
"w_4657.jpg", [(25.7177419354839, 1080.9437701612903), (19.163306451612925, 202.64941532258081), (2241.1169354838707, 825.32078629032276), (1939.6129032258063, 1533.1998185483872)]
"w_6353.jpg", [(1053.3870967741934, 511.39048387096773), (1327.0483870967741, 22.293709677419429), (2281.9516129032254, 33.938870967742332), (1705.5161290322578, 779.22919354838723)]
"w_3904.jpg", [(829.4354838709678, 1262.6329032258066), (1151.5, 699.01999999999998), (3052.9193548387098, 1324.5683870967744), (2631.7580645161288, 1950.1167741935487)]
"w_866.jpg", [(476.40322580645159, 816.69741935483876), (866.5967741935483, 451.27806451612901), (1845.1774193548385, 1008.6974193548388), (1343.5, 1349.3425806451614)]
"w_499.jpg", [(451.62903225806451, 1981.0845161290326), (1188.6612903225805, 407.92322580645168), (2253.9516129032259, 897.21354838709681), (1337.3064516129032, 2036.8264516129036)]
"w_1705.jpg", [(1101.9516129032259, 2018.2458064516131), (1114.3387096774193, 1175.9232258064517), (1919.5, 1151.1490322580646), (1919.5, 2036.8264516129036)]
"w_6371.jpg", [(376.66129032258056, 1743.7036895161291), (1413.8548387096771, 223.27223790322614), (2179.963709677419, 677.04441532258079), (1083.8387096774193, 1920.4980443548388)]
"w_1227.jpg", [(420.66129032258061, 401.72967741935463), (1046.2096774193549, 17.72967741935463), (1962.8548387096776, 1161.7002580645164), (1201.0483870967741, 1397.0550967741938)]
"w_6435.jpg", [(822.58467741935465, 1286.1325604838712), (1292.0907258064515, 578.9753024193551), (1987.6552419354837, 810.83014112903243), (1489.1673387096773, 1581.7474798387098)]
"w_1602.jpg", [(475.13306451612902, 1669.6874395161294), (1252.3870967741934, 863.43139112903236), (1757.0221774193546, 1112.8487298387099), (1136.3790322580644, 1890.1027620967745)]
"w_9645.jpg", [(922.61693548387098, 1579.712379032258), (1633.2177419354837, 583.54302419354826), (2323.895161290322, 789.41802419354826), (1932.0685483870968, 1898.4865725806453)]
"w_6442.jpg", [(625.04838709677415, 692.82645161290316), (1188.6612903225805, 215.92322580645168), (2266.338709677419, 1225.4716129032261), (1708.9193548387098, 1566.1167741935487)]
"w_11057.jpg", [(359.20967741935476, 2260.0469354838715), (2825.7903225806454, 786.95016129032274), (3245.4516129032259, 1463.5469354838713), (1327.0, 2756.7888709677427)]
"w_1436.jpg", [(605.2479838709678, 1057.9221169354839), (1434.4758064516129, 616.84348790322588), (1640.3125, 905.01485887096783), (975.7540322580644, 1357.8555846774195)]
"w_6754.jpg", [(876.0625, 1880.191875), (3774.5625, 1319.191875), (4125.1875, 2452.879375), (1261.75, 2932.0668749999995)]
"w_9351.jpg", [(1182.0201612903224, 1891.1795766129035), (1113.5584677419356, 490.8267540322579), (1785.7278225806449, 422.36506048387082), (2003.5604838709678, 1884.955786290323)]
"w_10803.jpg", [(422.36491935483872, 147.12594758064483), (1115.2520161290324, 4.47272177419336), (1950.7923387096776, 899.46439868951597), (1415.8427419354839, 1225.5289148185482)]
"w_6498.jpg", [(1368.6612903225805, 3040.3270967741933), (2769.1774193548385, 40.714193548385992), (4640.0161290322576, 187.03677419354699), (2999.1129032258063, 3280.7141935483869)]
"w_1183.jpg", [(1268.9354838709678, 1356.5910282258064), (822.28225806451633, 93.032560483870839), (1897.7762096774197, 16.631350806451792), (2338.552419354839, 1131.4432031249996)]
"w_8120.jpg", [(2854.5403225806449, 1253.7439516129029), (2014.8225806451612, 3209.7923387096771), (829.3387096774195, 3219.6713709677415), (1728.3306451612905, 878.34072580645125)]
"w_3727.jpg", [(1538.3709677419356, 1757.2195564516128), (1074.0564516129034, 1418.9332661290321), (2175.1451612903224, 344.37681451612889), (2758.8548387096776, 682.66310483870961)]
"w_5509.jpg", [(1516.9193548387095, 494.63290322580633), (2148.6612903225805, 760.95548387096778), (1355.8870967741934, 1956.3103225806456), (643.6290322580644, 1615.6651612903229)]
"w_5115.jpg", [(1293.9516129032259, 1925.3425806451617), (631.24193548387098, 1838.6329032258068), (1157.6935483870968, 699.01999999999998), (1783.2419354838707, 798.11677419354851)]
"w_4101.jpg", [(1632.6995967741937, 1332.5319153225805), (1135.3931451612905, 1196.9028830645161), (1559.2338709677422, 38.404899193548317), (2130.0060483870971, 190.98756048387077)]
"w_1739.jpg", [(5.4536290322580498, 1154.333326612903), (554.87036046436003, 623.79066750536526), (1992.192840709547, 1088.2529536981333), (1496.3479676118623, 1741.0107613204018)]
"w_2624.jpg", [(1713.8084677419356, 1746.1948185483866), (1707.1895161290322, 918.82586693548342), (3256.0241935483873, 1110.7754637096771), (3222.9294354838712, 1931.5254637096771)]
"w_8660.jpg", [(1275.3709677419354, 451.27806451612901), (2117.6935483870966, 661.85870967741948), (1715.1129032258063, 2005.8587096774197), (841.82258064516122, 1950.1167741935487)]
"w_994.jpg", [(1588.1451612903224, 2047.4238709677415), (2999.1129032258063, 197.48838709677284), (3939.7580645161288, 699.16580645161184), (2790.0806451612902, 2559.5529032258059)]
"w_8471.jpg", [(1095.758064516129, 1083.0200000000002), (1504.5322580645161, 822.89096774193558), (2161.0483870967741, 1677.6006451612907), (1684.1451612903224, 1764.3103225806453)]
"w_6008.jpg", [(1629.9516129032259, 1002.2625806451601), (3030.4677419354839, 814.13354838709574), (3573.9516129032254, 3385.230322580645), (2204.7903225806454, 3437.4883870967742)]
"w_10111.jpg", [(1031.7580645161288, 1360.258064516129), (1167.2419354838707, 534.45161290322585), (3180.1451612903224, 902.19354838709683), (3044.6612903225805, 1734.4516129032259)]
"w_6470.jpg", [(71.862903225806463, 963.99699596774167), (2206.5685483870966, 758.96877016128997), (2381.4455645161288, 1416.2651411290321), (138.19556451612902, 1687.6260282258065)]
"w_4721.jpg", [(1287.758064516129, 1343.1490322580646), (606.4677419354839, 469.85870967741926), (1114.3387096774193, 178.76193548387073), (1758.4677419354839, 1268.8264516129034)]
"w_3974.jpg", [(2298.8548387096776, 1911.5529032258059), (1128.2741935483868, 1200.8432258064508), (2884.1451612903224, 19.810967741934292), (3688.9193548387093, 377.03229032258014)]
"w_5991.jpg", [(1194.8548387096773, 915.79419354838728), (1783.2419354838707, 1021.0845161290324), (1430.2096774193549, 2036.8264516129036), (569.30645161290317, 1999.2744516129032)]
"w_10865.jpg", [(738.42943548387098, 872.26752016129035), (1868.197580645161, 5.0941330645159724), (2472.776209677419, 393.73815977822551), (1538.4274193548385, 1267.0184017137096)]
"w_10166.jpg", [(783.15322580645147, 1219.5795564516129), (1836.5887096774188, 24.829556451612461), (2671.6290322580635, 301.03520161290317), (1508.9959677419351, 1534.3255241935485)]
"w_31.jpg", [(846.37500000000023, 1108.4901209677416), (1250.6895161290324, 228.83286290322553), (1704.177419354839, 294.39737903225773), (1398.2096774193549, 1239.6191532258063)]
"w_5001.jpg", [(1730.6229838709676, 1804.6693749999999), (1494.8669354838707, 1353.364939516129), (3306.8205645161288, 1063.7217943548385), (3320.2923387096771, 1744.0463911290321)]
"w_2645.jpg", [(-0.5, 977.72967741935486), (1776.0731529656605, 726.53320915712811), (2011.6053069719042, 1387.3317523413111), (9.5819979188345314, 1655.5767055150886)]
"w_5758.jpg", [(1375.4032258064515, 1267.8970967741936), (1054.5967741935483, 13.187419354839221), (1938.5967741935481, 0.12331451612908495), (2138.2096774193542, 1162.4259497983876)]
"w_10310.jpg", [(986.76612903225805, 1467.5499798387093), (664.00604838709683, 239.79594758064513), (1531.0282258064515, 56.265705645161233), (1809.4879032258061, 1347.3060282258061)]
"w_4002.jpg", [(20.566532258064512, 1031.3621572580641), (659.58467741935465, 216.78957661290269), (2380.0181451612898, 1249.0496572580641), (1460.1129032258063, 1852.9569153225805)]
"w_2291.jpg", [(147.9677419354839, 760.732741935484), (360.06451612903231, 455.31338709677425), (1195.7258064516132, 714.07145161290327), (992.11290322580646, 1023.7327419354839)]
"w_2422.jpg", [(158.43548387096769, 928.14822580645182), (225.67741935483866, 206.82564516129059), (1955.6290322580644, 298.51919354838719), (1827.2580645161288, 1062.6320967741935)]
"w_10875.jpg", [(831.27419354838719, 1613.7422580645161), (695.72580645161281, 1034.5809677419354), (2260.6935483870966, 794.29064516129029), (2402.4032258064512, 1391.935806451613)]
"w_2627.jpg", [(1219.6290322580644, 767.14903225806461), (2037.1774193548385, 822.89096774193558), (1777.0483870967741, 2036.8264516129036), (649.82258064516122, 1999.2744516129032)]
"w_6837.jpg", [(1811.427419354839, 2600.7504233870968), (2810.3104838709678, 2612.3653427419354), (2903.2298387096776, 3797.0871169354837), (1602.358870967742, 3797.0871169354837)]
"w_4812.jpg", [(1012.1209677419354, 661.79201612903216), (1650.3790322580644, 238.33233870967751), (2454.338709677419, 2005.816209677419), (1527.6370967741934, 2005.816209677419)]
"w_1724.jpg", [(1417.8225806451612, 1609.4716129032261), (358.72580645161281, 333.60064516129023), (1262.983870967742, 23.923225806451683), (2049.5645161290322, 1336.955483870968)]
"w_7970.jpg", [(1964.4032258064517, 2716.3270967741933), (1567.2419354838712, 594.64967741935379), (2675.1129032258063, 490.13354838709574), (3103.6290322580644, 2643.1658064516123)]
"w_10799.jpg", [(1111.7298387096773, 1173.3407459677419), (850.89717741935465, 341.62905241935482), (1338.1129032258063, 228.43752016129042), (1628.4737903225805, 1069.9919556451614)]
"w_4062.jpg", [(984.82258064516122, 1731.8725806451612), (614.5, 1295.4209677419356), (1745.3064516129029, 925.0983870967741), (1950.3064516129029, 1295.4209677419356)]
"w_2989.jpg", [(563.88709677419354, 354.26258064516014), (1922.5967741935483, 9.3593548387088958), (3427.6290322580644, 2190.1258387096759), (2288.4032258064517, 2702.2548709677403)]
"w_8204.jpg", [(983.11290322580635, 901.04645161290296), (1092.4032258064515, 319.8206451612898), (2423.7580645161288, 528.46580645161248), (2369.1129032258063, 1089.82064516129)]
"w_3431.jpg", [(1901.6935483870966, 1503.9399999999991), (3208.1451612903224, 1409.8754838709669), (3438.0806451612907, 3437.4883870967742), (2183.8870967741937, 3426.3774516129029)]
"w_9381.jpg", [(878.98387096774195, 2036.8264516129036), (5.6935483870967687, 1943.5325161290325), (1217.1366285119664, 83.828570239334113), (1896.1992715920912, 325.41816441207084)]
"w_8678.jpg", [(1122.0322580645161, 1603.7728225806452), (1462.1935483870966, 10.684112903226378), (2199.2096774193546, 0.43702217741974891), (1927.0806451612902, 1690.1943963205649)]
"w_9257.jpg", [(783.86693548387098, 1388.3834072580644), (1987.0060483870968, 710.37131048387073), (2339.3064516129034, 1122.4963104838707), (1222.5806451612905, 1900.2160685483873)]
"w_773.jpg", [(1284.9838709677422, 969.50943548387113), (2075.5564516129034, 879.52556451612918), (2171.9677419354839, 2081.4529838709677), (1407.1048387096778, 2094.3078225806453)]
"w_981.jpg", [(1290.891129032258, 814.06925403225796), (1838.7540322580646, 1153.2224798387097), (834.3387096774195, 2144.5934475806453), (169.07661290322585, 1824.7536466733868)]
"w_10930.jpg", [(1142.1451612903224, 1193.3029032258066), (1591.5, 692.59322580645176), (1989.5, 859.49645161290346), (1488.7903225806451, 1360.2061290322581)]
"w_3069.jpg", [(1919.2419354838707, 2644.2599999999998), (2901.4354838709673, 813.80838709677437), (3861.3064516129025, 1159.8083870967744), (3013.0483870967737, 2945.6148387096773)]
"w_7233.jpg", [(1769.7620967741932, 1966.8581653225806), (2415.3870967741932, 998.42066532258059), (4945.8205645161288, 1633.6323588709679), (4633.4213709677415, 2758.2694556451615)]
"w_8644.jpg", [(1755.6532258064512, 1358.6912499999999), (2218.8145161290322, 750.79205645161255), (4737.2540322580644, 1484.1307661290321), (4650.4112903225805, 2188.5218951612896)]
"w_9659.jpg", [(603.8064516129034, 1653.7451209677417), (367.33870967741939, 878.65641129032224), (2311.6290322580649, 622.48302419354786), (2515.2540322580649, 1331.8862499999998)]
"w_1467.jpg", [(18.080645161290249, 1113.3683870967741), (24.274193548386961, 388.72322580645141), (1702.7258064516127, 630.27161290322556), (1572.6612903225805, 1336.336129032258)]
"w_4510.jpg", [(1215.4677419354837, 1075.7595161290321), (1441.2903225806451, 618.32403225806456), (2778.8548387096776, 1046.8079032258063), (2570.4032258064517, 1481.0820967741934)]
"w_6744.jpg", [(1230.8467741935488, 892.86314516129028), (1781.1693548387098, 487.00024193548415), (2874.9354838709678, 2082.935725806451), (1946.266129032258, 2241.1534677419349)]
"w_2846.jpg", [(364.99999999999977, 56.271129032257704), (2121.7580645161288, 20.900161290322103), (4503.4032258064517, 1908.6800040322578), (3737.0322580645161, 2781.1638750000002)]
"w_8910.jpg", [(3208.1451612903224, 1534.2496774193542), (5141.6935483870966, 886.2496774193537), (5162.5967741935483, 2004.5722580645152), (3782.2337148803331, 2337.9056642819974)]
"w_1017.jpg", [(445.43548387096769, 1119.5619354838709), (2235.3709677419356, 326.78774193548361), (2743.2419354838707, 865.62645161290311), (1009.0483870967741, 1664.594193548387)]
"w_3509.jpg", [(1207.241935483871, 760.33612903225799), (2068.1451612903224, 834.65870967741921), (1585.0483870967741, 1986.6587096774197), (860.40322580645147, 1751.3038709677421)]
"w_5698.jpg", [(1182.4677419354839, 1522.1425806451614), (2068.1451612903224, 512.59419354838678), (2811.3709677419356, 878.01354838709676), (2043.3709677419356, 1893.755483870968)]
"w_9759.jpg", [(1487.2822580645159, 1004.5809274193546), (2188.6653225806449, 919.56479838709652), (2479.1370967741932, 1961.012379032258), (1657.314516129032, 2095.6212500000001)]
"w_6496.jpg", [(16.830645161290363, 23.971733870967455), (1097.4566438768209, 5.8014497227827633), (2547.0489334027052, 971.06255702627095), (2063.8515035607434, 1591.013976446146)]
"w_5248.jpg", [(1108.1451612903224, 1001.8845161290321), (2173.4354838709678, 23.303870967741659), (2941.4354838709678, 4.7232258064514099), (1777.0483870967741, 1451.5428387096774)]
"w_6144.jpg", [(1409.1290322580644, 1059.3831451612903), (1946.8225806451612, 34.858951612903184), (2593.5080645161288, 245.57669354838708), (2070.3467741935483, 1255.5686290322578)]
"w_1611.jpg", [(1642.9616935483873, 824.04965725806414), (2842.9495967741937, 867.5274798387095), (2747.2983870967741, 2832.7250604838709), (1512.5282258064517, 2797.9428024193548)]
"w_8495.jpg", [(92.403225806451587, 1361.1103225806451), (1510.7258064516129, 655.04580645161263), (1808.016129032258, 1014.2716129032258), (383.5, 1850.4006451612904)]
"w_5814.jpg", [(110.98387096774195, 1008.078064516129), (1721.3064516129029, 995.69096774193531), (1671.7580645161288, 1633.6264516129033), (172.91935483870964, 1565.4974193548387)]
"w_10077.jpg", [(1175.9959677419354, 78.432883064515408), (3182.9596774193542, 20.761512096773004), (4128.770161290322, 2179.1250660282249), (2652.3830645161288, 2594.3589369959664)]
"w_6821.jpg", [(533.06653225806451, 2175.7832862903224), (3636.4637096774195, 869.0897379032258), (4148.2520161290322, 1729.3296572580643), (1164.635080645161, 3166.6925604838707)]
"w_6310.jpg", [(724.14516129032245, 847.04580645161286), (2198.2096774193546, 29.497419354838257), (2774.2096774193546, 264.85225806451581), (1783.2419354838707, 1323.9490322580646)]
"w_102.jpg", [(1504.4879032258063, 1179.9329435483869), (2877.5645161290327, 1893.4531048387094), (1924.2056451612905, 1965.4047177419352), (1282.6370967741934, 1589.7346340725803)]
"w_8754.jpg", [(1213.4354838709676, 1423.0458064516129), (1566.4677419354839, 41.884516129031908), (2545.0483870967741, 4.7232258064514099), (2049.5645161290322, 1618.7686451612904)]
"w_10103.jpg", [(1442.9052419354839, 1908.2809879032257), (2765.3064516129029, 620.45235887096715), (3474.0443548387098, 931.60558467741885), (2298.5766129032254, 2262.6499395161291)]
"w_2161.jpg", [(1005.1008064516129, 1591.076572580645), (1542.2540322580644, 4.6007661290318538), (2441.6733870967746, 8.2759465725798691), (2054.4233870967746, 1869.5743336693542)]
"w_5142.jpg", [(137.79032258064518, 661.57173387096782), (731.2862903225805, 148.74512096774197), (1993.1854838709673, 667.33383064516147), (1555.2661290322578, 1162.8741532258066)]
"w_1726.jpg", [(1109.125, 798.13929435483851), (1801.1491935483871, 40.492116935483864), (2367.8931451612907, 291.05260080645121), (1473.0342741935485, 1179.9457459677417)]
"w_11256.jpg", [(782.5, 1267.4424999999999), (2497.0, 187.44249999999965), (3138.25, 862.44249999999965), (1349.5, 1665.6924999999999)]
"w_250.jpg", [(553.22580645161281, 30.142560483870511), (1629.2157258064512, 11.265544354838312), (2101.141129032258, 1585.2227474798381), (1106.9516129032259, 1616.6844410282251)]
"w_6130.jpg", [(432.24193548387098, 1176.860201612903), (1027.2620967741934, 40.912620967741532), (4153.822580645161, 1166.0416532258059), (3396.5241935483868, 2475.0860080645152)]
"w_2320.jpg", [(1974.8548387096776, 1732.8303225806444), (2497.4354838709678, 719.023870967741), (4734.0806451612898, 1408.8303225806444), (4242.8548387096771, 2453.9916129032254)]
"w_5053.jpg", [(916.14516129032245, 1100.9812903225807), (1863.7580645161288, 17.110322580644606), (2637.9516129032259, 2.5621935483868583), (1808.016129032258, 1747.6986193548387)]
"w_4636.jpg", [(30.125, 1241.7487499999997), (1843.125, 831.37374999999975), (2088.125, 1419.3737499999997), (244.5, 1915.4987499999997)]
"w_7761.jpg", [(259.4697580645161, 581.40796370967746), (856.69758064516134, 12.28497983870966), (2831.0625, 1151.337668850806), (2023.0483870967741, 1706.4082333669351)]
"w_2289.jpg", [(1401.9697580645161, 2241.6938508064518), (3982.5141129032259, 682.14747983870939), (4767.8971774193542, 1770.4640120967742), (2692.2419354838707, 3015.8571572580645)]
"w_9343.jpg", [(1912.1451612903224, 1272.9593548387088), (3239.5, 739.92709677419225), (3584.4032258064517, 1889.6045161290313), (2737.8225806451615, 2234.507741935483)]
"w_5660.jpg", [(129.5645161290322, 1280.594193548387), (67.629032258064512, 456.85225806451581), (1572.6612903225805, 351.56193548387091), (1640.7903225806449, 1156.7232258064516)]
"w_5904.jpg", [(783.37096774193549, 1962.7658064516122), (2675.1129032258063, 71.02387096774055), (3835.2419354838712, 917.60451612903125), (1650.8548387096776, 2485.3464516129025)]
"w_3191.jpg", [(2007.2318548387095, 1842.5706653225802), (2007.2318548387095, 782.65131048387047), (3036.5766129032254, 894.75816532258023), (2832.7459677419356, 2005.6351814516129)]
"w_3212.jpg", [(197.69354838709671, 1385.8845161290324), (1368.2741935483871, 320.59419354838701), (1956.6612903225805, 828.46516129032238), (600.27419354838707, 1930.9167741935485)]
"w_3519.jpg", [(846.37096774193537, 668.68481854838728), (2157.8447580645161, 109.98522177419409), (2410.7298387096771, 556.94489919354874), (1146.304435483871, 1109.7634475806453)]
"w_2080.jpg", [(675.11290322580635, 552.80774193548359), (1827.6290322580644, 354.09806451612872), (1936.9193548387098, 840.93677419354822), (759.5645161290322, 940.29161290322577)]
"w_11186.jpg", [(1219.5625000000002, 784.58179435483726), (4748.5604838709678, 2463.8076008064504), (4250.0403225806458, 3487.0858266129026), (524.25806451612902, 2096.4769556451602)]
"w_566.jpg", [(345.09677419354836, 498.5808669354833), (1826.2258064516129, 813.32078629032208), (1628.741935483871, 1270.0022379032253), (271.04032258064518, 1029.3187701612899)]
"w_5689.jpg", [(835.6290322580644, 10.916774193548008), (1863.7580645161288, 0), (1808.016129032258, 1170.3534677419357), (1064.7903225806451, 1188.9341129032259)]
"w_8770.jpg", [(1027.6290322580644, 1144.336129032258), (1838.983870967742, 630.27161290322556), (3046.7258064516127, 1844.2070967741938), (2154.8548387096776, 2030.013548387097)]
"w_1146.jpg", [(514.76209677419365, 322.77689516129021), (1162.5201612903227, 195.18818548387094), (1560.008064516129, 926.36963709677411), (1103.633064516129, 1039.2365725806451)]
"w_9889.jpg", [(874.09072580645147, 1010.3326814516124), (1159.6713709677417, 403.47381048387047), (1689.1854838709678, 546.26413306451559), (1361.9576612903224, 1218.5685685483868)]
"w_3371.jpg", [(160.5322580645161, 1094.7877419354838), (222.46774193548379, 376.33612903225776), (2037.1774193548385, 531.17483870967726), (1938.0806451612902, 1262.0135483870968)]
"w_47.jpg", [(996.6612903225805, 500.20709677419336), (1715.1129032258063, 370.14258064516116), (1857.5645161290322, 1311.5619354838709), (1287.758064516129, 1373.4974193548387)]
"w_5867.jpg", [(1384.5725806451615, 764.09413306451574), (1740.5947580645161, 1081.1001814516126), (960.27217741935476, 1588.3098588709672), (248.22782258064524, 1524.9086491935479)]
"w_8996.jpg", [(1312.5322580645161, 1844.2070967741938), (1052.4032258064515, 363.94903225806411), (1777.0483870967741, 283.43290322580606), (2092.9193548387098, 1800.8522580645163)]
"w_3654.jpg", [(440.23185483870964, 696.57235887096772), (1974.2076612903224, 32.612681451612843), (2449.2822580645161, 461.89695564516137), (915.30645161290329, 1251.7800201612902)]
"w_10410.jpg", [(1690.2358870967741, 921.11860887096691), (4112.1008064516127, 884.56215725806351), (4139.5181451612898, 1697.9432056451606), (1745.0705645161293, 1652.2476411290318)]
"w_10495.jpg", [(1434.5080645161288, 400.62149193548385), (2205.6572580645161, 239.68600806451605), (2507.4112903225805, 1292.4722983870965), (1716.1451612903224, 1372.9400403225804)]
"w_2279.jpg", [(738.5322580645161, 705.30929435483858), (2082.6471774193551, 298.84155241935468), (2225.8346774193551, 709.92824596774176), (969.47983870967755, 1065.5875201612903)]
"w_6920.jpg", [(1882.338709677419, 673.62645161290311), (3034.338709677419, 1484.9812903225807), (2922.8548387096771, 1862.7877419354841), (1535.5, 1125.7554838709677)]
"w_10533.jpg", [(1419.0725806451612, 1487.0709274193546), (798.87096774193537, 267.34108870967748), (1432.8548387096773, 122.62737903225798), (2094.4032258064517, 1411.2685080645158)]
"w_1817.jpg", [(958.89516129032256, 1337.9393145161289), (1556.9596774193546, 197.87883064516063), (2167.4838709677415, 384.77399193548354), (1544.5, 1487.4554435483869)]
"w_3028.jpg", [(2100.0846774193546, 1229.1763306451608), (4718.4879032258059, 2802.1722983870964), (3614.4596774193546, 3183.2085887096773), (1572.4959677419356, 1834.9263306451608)]
"w_5037.jpg", [(1708.9193548387098, 568.33612903225776), (3065.3064516129029, 1540.7232258064516), (2722.2800208116537, 2038.8945348595207), (1403.3314255983346, 966.26595806451587)]
"w_8449.jpg", [(2209.1713709677415, 879.31953629032159), (5354.9596774193542, 1913.4021975806445), (4843.3608870967737, 3186.9566330645157), (1654.0322580645163, 1761.0110685483864)]
"w_797.jpg", [(854.20967741935488, 54.271612903225559), (1634.5967741935483, 4.7232258064514099), (1913.3064516129029, 1123.2847741935484), (1145.3064516129032, 1216.1879999999999)]
"w_5953.jpg", [(148.14516129032256, 1825.6264516129033), (1454.983870967742, 1218.6587096774192), (1665.5645161290322, 1540.7232258064516), (984.27419354838707, 2017.6264516129036)]
"w_6033.jpg", [(1393.0483870967741, 834.65870967741921), (3052.9193548387098, 419.69096774193531), (3052.9193548387098, 1336.336129032258), (1646.983870967742, 1615.0458064516129)]
"w_6892.jpg", [(1020.6250000000001, 2160.9747177419358), (4182.8185483870975, 1052.0110080645172), (4830.6290322580653, 2018.2368145161295), (1591.5766129032259, 3160.1400403225807)]
"w_10232.jpg", [(181.88709677419354, 1479.4426209677417), (3328.0645161290322, 1456.6442338709676), (3054.4838709677415, 2573.7652016129032), (295.87903225806451, 2493.9708467741934)]
"w_6222.jpg", [(1529.0725806451612, 442.94653225806496), (2265.2983870967737, 1915.3981451612901), (1408.483870967742, 2048.680403225806), (837.27419354838707, 741.24491935483911)]
"w_8252.jpg", [(1802.7459677419351, 97.885201612903074), (2754.2459677419351, 266.69971774193527), (2293.8427419354834, 1962.5182661290319), (1319.322580645161, 1686.2763306451609)]
"w_7630.jpg", [(878.875, 1009.0968749999997), (1476.0625, 792.53437499999973), (1850.125, 2078.7843750000002), (1016.6875, 2105.0343750000002)]
"w_4674.jpg", [(1091.5443548387098, 520.18735887096773), (2220.3991935483868, 1385.2337298387095), (1717.3225806451612, 1734.9333266129029), (717.30443548387098, 894.4272782258065)]
"w_5587.jpg", [(464.01612903225805, 1571.6909677419355), (1671.7580645161288, 791.30387096774189), (2198.2096774193546, 1249.6264516129031), (916.14516129032245, 1968.0780645161292)]
"w_6682.jpg", [(433.04838709677415, 339.17483870967726), (1436.4032258064515, 79.045806451612407), (2210.5967741935483, 1435.4329032258065), (1331.1129032258063, 1732.7232258064519)]
"w_3265.jpg", [(1461.1774193548385, 747.94903225806434), (1944.2741935483868, 1206.2716129032258), (940.91935483870952, 2017.6264516129036), (185.30645161290317, 1813.2393548387099)]
"w_331.jpg", [(789.72580645161293, 604.49370967741947), (1453.2741935483871, 308.91306451612945), (2285.7258064516132, 1738.5582258064514), (1386.9193548387098, 1949.6872580645161)]
"w_2851.jpg", [(600.48588709677426, 1601.0113104838706), (2439.8669354838712, 4.452842741935001), (2998.358870967742, 572.5850912298381), (1200.2454222489594, 1881.6152299952032)]
"w_6637.jpg", [(1178.5685483870966, 914.81800403225748), (2279.5060483870966, 12.759536290321648), (3266.7983870967737, 6.6314279233861271), (2030.9072580645159, 1345.8476387726805)]
"w_1131.jpg", [(613.57258064516122, 1004.9141129032253), (1797.4032258064512, 36.325403225805985), (2335.5080645161288, 454.14798387096744), (1170.6693548387095, 1327.7770161290318)]
"w_1743.jpg", [(964.7822580645161, 865.59445564516091), (1714.8326612903227, 898.20534274193506), (1630.04435483871, 2124.3746975806448), (866.94959677419365, 2104.8081653225804)]
"w_6273.jpg", [(2442.608870967742, 799.4828427419352), (2898.5, 963.1360685483869), (2888.9857708441723, 1450.7297604037947), (2302.4448558223853, 1117.327556075621)]
"w_8052.jpg", [(2984.3790322580644, 3289.6764112903224), (1798.8951612903222, 590.58366935483809), (3587.7056451612898, 294.21270161290295), (4646.1733870967737, 2876.8739919354839)]
"w_7293.jpg", [(1089.5645161290322, 1014.8290322580644), (1677.9516129032259, 865.62645161290311), (2024.7903225806449, 1862.7877419354841), (1399.241935483871, 2011.4329032258065)]
"w_5315.jpg", [(1931.0221774193546, 1216.1262701612904), (4595.5322580645161, 443.5173991935485), (4882.7842741935483, 1453.8520766129031), (2188.5584677419351, 1998.6403830645163)]
"w_10432.jpg", [(1434.9233870967739, 320.65334677419378), (2044.2459677419354, 431.97189516129038), (1716.1491935483871, 1340.0968951612899), (1159.5564516129032, 1164.3307661290319)]
"w_11104.jpg", [(1108.0483870967741, 546.57177419354821), (2840.9516129032259, 17.781451612902856), (3038.4516129032259, 569.91187499999933), (1522.1612903225807, 1232.4925201612898)]
"w_11296.jpg", [(1509.848790322581, 495.38695564516092), (2869.8165322580649, 1077.2962298387097), (2549.4395161290327, 1489.2095362903226), (1235.239919354839, 966.14502016129018)]
"w_3837.jpg", [(817.04838709677415, 847.04580645161286), (2396.4032258064517, 314.40064516128996), (2551.2419354838707, 1020.4651612903224), (1021.4354838709676, 1311.5619354838709)]
"w_9342.jpg", [(315.37096774193549, 1305.3683870967741), (1789.4354838709678, 140.98129032258021), (2297.3064516129029, 599.30387096774166), (947.11290322580635, 1782.271612903226)]
"w_2869.jpg", [(1506.0967741935485, 816.55385080645124), (2460.7076612903224, 719.14457661290271), (2830.8629032258063, 2121.8381249999993), (1720.3971774193551, 2115.3441733870959)]
"w_5636.jpg", [(306.04637096774184, 3169.3466330645156), (2568.1471774193551, 864.96356854838677), (3572.3508064516132, 1552.0502620967736), (1955.0544354838712, 3444.1813104838702)]
"w_5196.jpg", [(767.5, 574.52967741935458), (1677.9516129032259, 394.91677419354801), (2037.1774193548385, 1986.6587096774197), (1132.9193548387095, 1999.0458064516131)]
"w_10623.jpg", [(417.89112903225805, 250.82245967741892), (2496.5645161290322, 1359.891008064516), (2044.9677419354837, 1818.1289112903223), (99.116935483870975, 934.85874999999965)]
"w_1470.jpg", [(1616.016129032258, 710.78774193548361), (3046.7258064516127, 1627.4329032258065), (2656.5322580645161, 2023.8200000000002), (1232.016129032258, 1181.4974193548387)]
"w_6361.jpg", [(752.69354838709683, 827.84870967741904), (2323.3064516129034, 705.23580645161246), (2440.0806451612907, 1195.6874193548383), (869.4677419354839, 1417.5583870967739)]
"w_1891.jpg", [(2091.358870967742, 143.40447580645105), (3309.0080645161283, 216.25528225806374), (3246.5645161290317, 2724.404475806451), (1935.25, 2516.2593145161281)]
"w_5265.jpg", [(1019.4495967741934, 674.66018145161274), (2388.7741935483868, 409.81139112903202), (2569.0967741935478, 928.23881048387079), (1239.2177419354839, 1136.7367943548386)]
"w_9559.jpg", [(265.4375, 795.33437499999991), (3433.5625, 1731.8968749999999), (2936.375, 2772.5218749999995), (22.625, 1870.6468749999999)]
"w_8613.jpg", [(1077.1774193548385, 735.56193548387091), (2693.6935483870966, 1237.2393548387097), (2427.3709677419356, 1738.9167741935485), (835.6290322580644, 1212.4651612903226)]
"w_2523.jpg", [(489.70766129032245, 898.12054435483878), (2721.25, 963.96933467741928), (2801.7318548387093, 1746.8382862903225), (475.07459677419342, 1651.7233669354837)]
"w_2524.jpg", [(20.403225806451587, 1367.023870967741), (3336.1184183142559, 1095.3216242195626), (3567.0411160249732, 2161.9645612643076), (48.219055671175965, 2656.7989135015605)]
"w_9792.jpg", [(649.71370967741927, 819.92901209677416), (1602.2197580645159, 494.82215725806441), (2594.6512096774195, 1778.138689516129), (1145.929435483871, 1840.8786088709678)]
"w_6897.jpg", [(733.83064516129025, 142.87911290322563), (1934.838709677419, 5.6210483870968346), (2380.9274193548385, 1361.8964939516129), (1221.0967741935483, 1499.1545584677419)]
"w_4616.jpg", [(1977.6854838709678, 74.707681451612189), (3373.4052419354839, 41.737923387096089), (3714.0927419354839, 1756.1653427419351), (2373.3225806451615, 1855.0746169354834)]
"w_4535.jpg", [(891.37903225806463, 16.301189516128488), (1759.1532258064517, 14.040211189515503), (2000.2016129032259, 1284.3834395035274), (1186.6633064516129, 1290.4096491809466)]
"w_10326.jpg", [(1167.3709677419351, 491.07594758064465), (2408.233870967742, 1348.7311895161286), (2061.5221774193546, 1634.6162701612898), (784.16330645161281, 776.96102822580588)]
"w_3478.jpg", [(953.30645161290317, 419.69096774193531), (1591.2419354838707, 444.46516129032216), (1603.6290322580644, 1361.1103225806451), (996.6612903225805, 1249.6264516129031)]
"w_8406.jpg", [(1479.758064516129, 1008.078064516129), (1981.4354838709678, 1237.2393548387097), (1225.8225806451612, 2030.013548387097), (618.85483870967732, 1945.5299354838708)]
"w_6934.jpg", [(1596.5342741935485, 1582.5898588709674), (2676.3104838709678, 2054.5878427419352), (1919.820564516129, 2119.2451008064513), (1447.8225806451612, 1875.8714097782251)]
"w_4432.jpg", [(1399.241935483871, 735.56193548387091), (1969.0483870967741, 772.72322580645141), (1981.4354838709678, 1664.594193548387), (1343.5, 1590.271612903226)]
"w_8628.jpg", [(2173.4354838709678, 1597.8999999999996), (3176.7903225806449, 1429.7335483870957), (3793.4354838709678, 3373.7335483870966), (2675.1129032258063, 3415.5399999999995)]
"w_9551.jpg", [(2127.1995967741932, 607.12558467741883), (2815.832661290322, 907.29897177419298), (1950.627016129032, 2258.0792137096769), (1173.7076612903224, 1772.5046169354835)]
"w_11216.jpg", [(148.97580645161293, 1174.0256048387091), (2105.75, 447.02963709677351), (2350.3467741935483, 1078.9046370967735), (257.68548387096769, 1853.4610887096769)]
"w_9429.jpg", [(1147.641129032258, 951.09030241935466), (1797.4133064516129, 23.74554435483833), (2339.9415322580649, 118.37256048387053), (1639.7016129032256, 1159.2697379032256)]
"w_2027.jpg", [(1514.3064516129032, 4.1722983870959069), (1824.1532258064512, 1023.1509606854829), (1279.0524193548385, 1114.9574122983861), (728.21370967741927, 13.279992943547313)]
"w_438.jpg", [(278.20967741935476, 258.65870967741921), (2148.6612903225805, 605.49741935483848), (1900.9193548387098, 1231.0458064516129), (123.37096774193549, 778.91677419354824)]
"w_5510.jpg", [(10.584677419354819, 1151.6048185483869), (1360.6771563638138, 639.07686199881255), (1646.4053888771464, 1093.9095586526889), (42.82857375130061, 1560.4046321438441)]
"w_6549.jpg", [(251.08064516129036, 27.874193548387666), (1651.9274193548385, 770.66604838709668), (1326.016129032258, 1199.4966935483869), (16.653225806451644, 553.39185483870961)]
"w_4302.jpg", [(1400.4233870967739, 837.16572580645129), (2199.0806451612898, 744.92735887096751), (2349.6471774193542, 2132.7580040322578), (1446.2479838709676, 2119.6652620967739)]
"w_894.jpg", [(1101.9516129032259, 487.81999999999971), (1510.7258064516129, 1032.852258064516), (18.080645161290249, 1726.5296774193548), (18.080645161290136, 896.59419354838701)]
"w_7612.jpg", [(1677.9516129032259, 1070.0135483870968), (2253.9516129032259, 1063.8199999999999), (2210.5967741935483, 2005.2393548387099), (1603.6290322580644, 2011.4329032258065)]
"w_1115.jpg", [(1324.9193548387095, 345.36838709677386), (3003.3709677419351, 766.52967741935458), (2829.9516129032259, 1491.1748387096775), (934.72580645161293, 939.94903225806434)]
"w_7093.jpg", [(216.27419354838707, 289.62645161290311), (1851.3709677419356, 822.27161290322556), (1362.0806451612902, 1522.1425806451614), (11.887096774193537, 809.88451612903214)]
"w_4634.jpg", [(1859.8870967741937, 771.2819354838698), (2936.4032258064517, 1283.4109677419347), (1305.9516129032259, 3415.5399999999995), (9.9516129032257368, 3331.9270967741932)]
"w_8382.jpg", [(1362.0806451612902, 10.916774193548008), (2185.822580645161, 24.084774193548583), (1789.4354838709678, 1306.1492903225806), (1163.8870967741934, 1089.3750967741935)]
"w_5139.jpg", [(1362.0806451612902, 10.916774193548008), (2229.1774193548385, 36.471870967741779), (1721.3064516129029, 1776.8589677419352), (959.5, 1535.3105806451611)]
"w_1273.jpg", [(1430.2096774193549, 686.01354838709653), (2668.9193548387098, 1082.4006451612902), (2414.983870967742, 1590.271612903226), (1207.241935483871, 1119.5619354838709)]
"w_10734.jpg", [(1315.3749999999998, 76.045544354838057), (2058.2076612903224, 68.970947580644861), (2150.1774193548385, 1590.009254032258), (1301.2258064516127, 1554.6362701612902)]
"w_7045.jpg", [(2946.8548387096776, 750.3787096774181), (5162.5967741935483, 2997.4754838709673), (4562.9723595213318, 3415.5449202653481), (2099.7969172736734, 1348.236959807492)]
"w_5796.jpg", [(278.45161290322585, 1136.5648185483869), (3277.1814516129034, 1543.3692540322577), (2986.6068548387102, 2531.3228830645162), (57.614919354838776, 1996.6656250000001)]
"w_7862.jpg", [(1104.2782258064515, 4.7028629032261051), (1904.4959677419354, 0), (1558.133064516129, 1080.8219153225805), (943.04032258064512, 824.03562499999975)]
"w_6858.jpg", [(947.24193548387086, 887.24673387096732), (2588.020161290322, 75.742701612902692), (2819.0322580645156, 626.61770161290292), (1231.5645161290322, 1313.7306048387093)]
"w_5439.jpg", [(1207.0967741935483, 1458.4633870967741), (2237.3064516129034, 441.89887096774146), (2796.7580645161288, 762.56016129032218), (1875.7096774193549, 1785.9472580645161)]
"w_5159.jpg", [(876.72782258064512, 567.53602822580592), (1509.3951612903227, 439.9392540322574), (1775.2217741935485, 1646.7920766129032), (1046.8568548387098, 1662.7416733870966)]
"w_2773.jpg", [(835.6290322580644, 549.75548387096751), (1653.1774193548385, 686.01354838709653), (1287.758064516129, 2023.8200000000002), (470.20967741935476, 2005.2393548387099)]
"w_6074.jpg", [(1117.2822580645161, 574.95197580645117), (2717.4758064516127, 1728.0326209677419), (1940.9112903225805, 1916.2906854838709), (693.70161290322574, 1057.3632661290319)]
"w_4126.jpg", [(1256.7903225806451, 630.27161290322556), (2006.2096774193546, 531.17483870967726), (2148.6612903225805, 1850.4006451612904), (1510.7258064516129, 1825.6264516129033)]
"w_7784.jpg", [(1293.9516129032259, 555.94903225806434), (2699.8870967741937, 1361.1103225806451), (2365.4354838709678, 1800.8522580645163), (903.75806451612902, 1008.078064516129)]
"w_9093.jpg", [(1857.5645161290322, 494.01354838709676), (2408.7903225806449, 1014.2716129032258), (1126.7258064516129, 2017.6264516129036), (321.5645161290322, 1906.1425806451614)]
"w_75.jpg", [(1033.8225806451612, 884.20709677419336), (1956.6612903225805, 419.69096774193531), (2247.7580645161288, 791.30387096774189), (1362.0806451612902, 1212.4651612903226)]
"w_2522.jpg", [(2116.1451612903224, 648.03362903225798), (4894.2419354838703, 1000.8078225806448), (4706.8306451612898, 1915.8158870967736), (1895.6612903225805, 1452.7997580645156)]
"w_3697.jpg", [(36.661290322580612, 1559.3038709677421), (1938.0806451612902, 190.52967741935436), (2346.8548387096776, 729.36838709677409), (928.5322580645161, 1961.8845161290324)]
"w_1451.jpg", [(3.6290322580645125, 1152.3154838709675), (1024.5530697190425, 403.13021019771077), (1390.2021852237253, 677.36704682622258), (275.8429760665972, 1343.3707929240372)]
"w_2981.jpg", [(1001.1129032258065, 438.22499999999945), (2753.9354838709678, 838.87016129032213), (2680.3997300988558, 1456.3252391714359), (814.91589164932384, 940.09071783948957)]
"w_6485.jpg", [(2589.9032258064517, 624.12854838709518), (3963.4193548387093, 708.46725806451468), (3734.5, 2636.2091935483863), (2577.8548387096776, 2491.6285483870961)]
"w_1453.jpg", [(680.79032258064512, 463.04580645161286), (1498.3387096774193, 264.85225806451581), (1900.9193548387098, 1441.6264516129033), (1312.5322580645161, 1553.1103225806451)]
"w_2826.jpg", [(1068.9596774193549, 4.1315725806452974), (1683.1048387096771, 1156.268087701613), (1031.8991935483871, 1315.0987328629033), (333.04435483870958, 86.808410282258365)]
"w_11264.jpg", [(1443.421370967742, 23.780342741935328), (2327.5846774193546, 106.47187499999973), (1557.9173387096771, 1588.558568548387), (959.99395161290306, 1308.6795362903224)]
"w_2566.jpg", [(437.97983870967732, 1562.1164919354833), (3756.2056451612898, 1514.7132661290316), (3839.1612903225805, 2533.8826209677409), (449.83064516129025, 2545.733427419354)]
"w_8979.jpg", [(1323.5483870967744, 185.2215322580646), (2210.532258064517, 223.7860483870968), (1792.7500000000002, 1939.9070161290319), (1034.3145161290324, 1727.8021774193548)]
"w_2772.jpg", [(1188.6612903225805, 543.56193548387068), (1894.7258064516127, 531.17483870967726), (1845.1774193548385, 1961.8845161290324), (1077.1774193548385, 1968.0780645161292)]
"w_1209.jpg", [(860.78427419354819, 4.1264314516124614), (1656.2379032258063, 1.9380196572578825), (1744.0120967741932, 1114.4241841103828), (1041.8185483870966, 1097.9665228200602)]
"w_6010.jpg", [(1223.6129032258063, 1131.7908064516128), (2806.4193548387098, 442.871451612903), (2806.4193548387098, 949.59725806451593), (1377.3387096774193, 1627.129516129032)]
"w_5574.jpg", [(1017.5322580645161, 544.45193548387124), (1611.7903225806451, 680.83903225806466), (1280.5645161290322, 1596.5809677419354), (525.5645161290322, 1578.768637096774)]
"w_6751.jpg", [(734.20967741935476, 26.65129032258028), (2698.1451612903229, 1305.3287096774193), (1645.5322580645161, 1905.8125806451612), (13.629032258064512, 323.36096774193538)]
"w_8620.jpg", [(1841.3830645161288, 577.02052419354777), (3104.9274193548385, 1916.0003629032253), (2215.1606907680793, 2054.3017093725603), (1137.0929516779393, 843.95572008731097)]
"w_6405.jpg", [(11.887096774193537, 1472.5941935483872), (1755.1998959417274, 1150.6337377731527), (1957.2063475546306, 1821.8164640998955), (673.48792924037457, 2023.8229157127985)]
"w_7403.jpg", [(451.62903225806451, 531.17483870967726), (2241.5645161290322, 747.94903225806434), (1913.3064516129029, 1274.4006451612904), (340.14516129032256, 977.11032258064506)]
"w_5932.jpg", [(557.72379032258061, 1092.6749798387095), (2090.1028225806454, 622.01570564516123), (3841.3931451612902, 3303.6790120967735), (1849.3004032258063, 3413.1346572580642)]
"w_2035.jpg", [(1177.8709677419356, 662.3375806451611), (2688.1774193548385, 678.9343548387094), (2688.1774193548385, 1392.5956451612901), (1133.6129032258066, 1270.8859677419352)]
"w_712.jpg", [(662.20967741935488, 1169.1103225806451), (2142.4677419354839, 17.110322580644606), (2768.016129032258, 306.04606451612881), (1312.5322580645161, 1594.3041290322578)]
"w_5046.jpg", [(2121.1774193548385, 1691.023870967741), (5026.7258064516127, 875.79806451612785), (5131.2419354838712, 2098.6367741935478), (2486.983870967742, 2631.6690322580639)]
"w_6270.jpg", [(748.91935483870952, 1045.2393548387097), (2712.2741935483868, 1045.2393548387097), (2662.7258064516127, 1769.8845161290324), (631.24193548387098, 1590.271612903226)]
"w_11274.jpg", [(764.72580645161293, 137.33209677419381), (1681.6774193548388, 18.590161290322612), (2222.6129032258068, 1494.1241895161286), (1365.0322580645161, 1639.2532217741932)]
"w_11260.jpg", [(1216.0302419354839, 383.21756048387033), (3158.9778225806454, 2221.1409475806449), (2441.3125, 2720.0058669354839), (305.82056451612902, 952.09860887096738)]
"w_1522.jpg", [(1498.3387096774193, 345.36838709677386), (2260.1451612903224, 655.04580645161263), (1355.8870967741934, 1918.529677419355), (792.27419354838707, 1546.9167741935485)]
"w_3900.jpg", [(1182.953629032258, 991.76993951612917), (2942.3125, 801.91106854838745), (3062.5564516129034, 1320.8586491935487), (1309.5262096774193, 1536.0320362903228)]
"w_2538.jpg", [(1213.4354838709676, 1032.852258064516), (2253.9516129032259, 1937.1103225806453), (1585.0483870967741, 2005.2393548387099), (724.14516129032245, 1249.6264516129031)]
"w_3181.jpg", [(997.7177419354839, 972.08405241935452), (2939.3729838709678, 637.31590725806404), (2963.7197580645161, 1203.3784072580643), (1034.2379032258063, 1477.2796169354835)]
"w_902.jpg", [(1609.0483870967741, 2872.0561290322576), (3782.9838709677415, 175.53999999999905), (5068.5322580645161, 760.83032258064395), (3396.2741935483873, 3394.6367741935483)]
"w_2577.jpg", [(1300.1451612903224, 1169.1103225806451), (2662.7258064516127, 122.40064516128996), (3040.5322580645161, 593.11032258064506), (1907.1129032258063, 1608.8522580645163)]
"w_9505.jpg", [(165.40725806451616, 1778.8128024193547), (1333.1391129032261, 477.07893145161279), (2015.911290322581, 847.17973790322549), (860.94153225806463, 2053.1978830645162)]
"w_5662.jpg", [(1120.5322580645161, 1497.3683870967743), (1120.5322580645161, 4.7232258064514099), (2123.8870967741937, 2.2525161290323013), (1900.9193548387098, 1524.5682967741936)]
"w_4306.jpg", [(737.25201612903231, 1319.6599798387099), (2493.8044354838712, 595.96038306451646), (2880.2459677419356, 1172.1095766129035), (1165.8508064516127, 1944.9926411290323)]
"w_4578.jpg", [(1368.6612903225805, 969.86258064516005), (4587.7580645161288, 1272.9593548387088), (4368.2741935483873, 2516.70129032258), (1201.4354838709678, 1994.1206451612898)]
"w_2087.jpg", [(1650.6290322580649, 575.19012096774168), (3330.2258064516136, 1863.3554435483866), (2476.1935483870971, 2311.7223790322573), (953.16935483870986, 1144.544959677419)]
"w_9629.jpg", [(964.12096774193537, 950.45195564516098), (1916.3749999999998, 90.949939516128779), (2472.8870967741937, 480.50840725806438), (1427.8810483870968, 1259.6253427419354)]
"w_4744.jpg", [(1368.2741935483871, 729.36838709677409), (2099.1129032258063, 555.94903225806434), (2470.7258064516127, 1850.4006451612904), (1659.3709677419356, 1949.4974193548387)]
"w_7381.jpg", [(884.64516129032256, 1607.6376209677417), (2326.3588709677415, 306.74245967741945), (2976.8064516129029, 702.37552419354824), (1649.088709677419, 1909.3916532258063)]
"w_1228.jpg", [(453.94758064516122, 2608.4423790322576), (3000.9677419354839, 1255.6681854838703), (3624.5120967741937, 2153.9947983870961), (1193.7459677419354, 3295.3980241935478)]
"w_4516.jpg", [(1052.3064516129032, 153.09149193548319), (1979.2338709677417, 72.986653225806094), (1939.1814516129032, 1532.0390725806451), (1115.2459677419354, 1491.9866532258063)]
"w_5898.jpg", [(2096.4516129032259, 93.339193548386447), (2629.8225806451615, 210.24241935483815), (2308.3387096774195, 1167.3875806451608), (1650.7580645161293, 970.11338709677375)]
"w_4948.jpg", [(2167.2419354838707, 469.23935483870946), (3009.5645161290322, 1497.3683870967743), (2470.7258064516127, 1813.2393548387099), (1616.016129032258, 822.27161290322556)]
"w_6774.jpg", [(1485.5040322580649, 1198.1417540322579), (3319.1512096774195, 898.21433467741917), (3346.4173387096776, 1845.712318548387), (1574.1189516129034, 1968.4098991935484)]
"w_6174.jpg", [(1473.5645161290322, 568.89354838709664), (2532.6612903225805, 970.91677419354824), (2315.8870967741937, 1447.8199999999999), (1157.6935483870968, 902.78774193548384)]
"w_5206.jpg", [(1754.016129032258, 344.52741935483891), (2309.016129032258, 744.36612903225819), (1360.1451612903224, 1729.0435483870965), (697.72580645161304, 1376.9467741935484)]
"w_8634.jpg", [(674.5967741935483, 674.24580645161291), (2012.4032258064517, 1021.0845161290324), (1764.6612903225805, 1436.0522580645163), (358.72580645161281, 965.34258064516143)]
"w_7143.jpg", [(787.04233870967732, 1408.450745967742), (2101.5866935483873, 182.72695564516107), (2723.3306451612902, 526.16647177419327), (1456.1572580645159, 1775.575745967742)]
"w_1173.jpg", [(2336.4516129032254, 1774.4758467741935), (5418.0201612903229, 903.84681451612823), (5647.1330645161288, 1980.6774596774194), (2966.5120967741932, 2759.6613306451618)]
"w_926.jpg", [(1078.7419354838707, 558.89249999999993), (1761.8064516129029, 456.43282258064528), (2096.5080645161288, 1679.1183064516129), (1447.5967741935483, 1706.4408870967743)]
"w_368.jpg", [(1318.7258064516129, 928.18129032258071), (1944.2741935483868, 661.85870967741948), (2105.3064516129029, 971.53612903225826), (1492.1451612903224, 1188.3103225806453)]
"w_5944.jpg", [(1095.758064516129, 1250.2458064516131), (2483.1129032258063, 333.60064516129023), (2811.3709677419356, 661.85870967741948), (1510.7258064516129, 1504.1812903225809)]
"w_11342.jpg", [(382.94758064516128, 140.41302419354861), (1751.5604838709678, 1107.8807661290323), (990.5645161290322, 1503.1267338709677), (11.298387096774206, 559.25576612903228)]
"w_6217.jpg", [(470.20967741935476, 959.14903225806461), (2222.983870967742, 723.79419354838706), (2359.2419354838707, 1305.9877419354841), (525.95161290322574, 1541.3425806451614)]
"w_8619.jpg", [(1182.4677419354839, 92.052258064516082), (1981.4354838709678, 104.43935483870973), (2068.1451612903224, 1460.8264516129034), (1250.5967741935483, 1460.8264516129034)]
"w_9394.jpg", [(1554.0806451612902, 624.69741935483876), (3015.7580645161288, 1175.9232258064517), (2749.4354838709678, 1615.6651612903229), (1331.1129032258063, 1039.6651612903227)]
"w_2659.jpg", [(621.0645161290322, 19.889193548387084), (1410.2419354838707, 10.756020161290508), (2332.1129032258059, 934.81594284274229), (1773.4032258064515, 1179.2514267137101)]
"w_840.jpg", [(1690.3387096774195, 426.50387096774193), (1962.8548387096776, 1993.4716129032263), (1027.6290322580644, 2024.4393548387102), (903.75806451612902, 395.53612903225803)]
"w_1462.jpg", [(1519.1391129032259, 648.01215725806401), (2219.197580645161, 1837.5423991935484), (1541.9052419354839, 1848.9254637096774), (921.5282258064517, 881.36497983870936)]
"w_4597.jpg", [(1728.33064516129, 421.10947580645143), (3111.395161290322, 2226.0086693548383), (2136.3346774193551, 2246.7546370967739), (884.6612903225805, 676.97641129032263)]
"w_1526.jpg", [(1269.1774193548385, 476.05225806451608), (2792.7903225806449, 1262.6329032258066), (2384.016129032258, 1683.7941935483873), (990.4677419354839, 977.72967741935486)]
"w_6430.jpg", [(971.88709677419342, 246.89096774193558), (1770.8548387096776, 847.66516129032266), (1250.5967741935483, 1120.1812903225807), (507.37096774193549, 494.63290322580633)]
"w_2697.jpg", [(1614.5806451612902, 575.82098790322584), (2375.9758064516127, 1723.681875), (1718.4072580645161, 1856.3492137096773), (1003.1572580645159, 858.46010080645169)]
"w_4884.jpg", [(1609.0483870967741, 1963.8109677419347), (4775.8870967741932, 605.10129032257964), (5120.7903225806449, 2047.4238709677415), (1849.4354838709678, 2622.2625806451606)]
"w_9246.jpg", [(1677.9516129032259, 847.66516129032266), (2452.1451612903224, 1813.8587096774197), (1752.2741935483868, 1956.3103225806456), (1275.3709677419354, 952.95548387096778)]
"w_2023.jpg", [(620.89112903225805, 1096.2529233870966), (1242.2822580645161, 69.055342741935419), (1870.0141129032256, 252.93639112903247), (1254.9637096774193, 1343.5412298387096)]
"w_383.jpg", [(801.84879032258084, 17.973487903226214), (1597.9778225806454, 0), (2132.8770161290327, 585.2104334677424), (1622.8568548387102, 871.31930443548436)]
"w_631.jpg", [(1399.241935483871, 1349.3425806451614), (1801.822580645161, 172.56838709677413), (2606.983870967742, 389.34258064516143), (1882.338709677419, 1751.9232258064519)]
"w_4013.jpg", [(1752.2741935483868, 971.53612903225826), (3071.5, 1417.4716129032261), (3054.8754422476577, 1956.5344578563991), (1556.6292403746093, 1570.5234276795002)]
"w_8174.jpg", [(246.34072580645147, 1700.3215524193547), (1820.7842741935481, 859.7288104838708), (2047.6108870967739, 1340.0675201612903), (793.39314516129025, 2013.8759879032259)]
"w_10856.jpg", [(33.229838709677438, 19.522298387096725), (910.20564516129048, 10.855880040322063), (1712.9758064516134, 2003.112462021169), (775.28629032258073, 2057.0802039566529)]
"w_3001.jpg", [(1640.7903225806449, 54.890967741935128), (2266.338709677419, 228.31032258064488), (1566.4677419354839, 1566.1167741935487), (1015.241935483871, 1324.5683870967744)]
"w_5456.jpg", [(1393.0483870967741, 736.18129032258071), (2501.6935483870966, 1696.1812903225809), (1969.0483870967741, 1912.9554838709682), (1002.8548387096773, 965.34258064516143)]
"w_987.jpg", [(1079.8024193548388, 889.34213709677397), (1827.1814516129029, 882.54778225806422), (1840.7701612903224, 2227.8300403225803), (1093.391129032258, 2196.5778074596765)]
"w_2885.jpg", [(1346.4415322580646, 547.51618951612909), (1992.4858870967741, 498.75812500000006), (2254.5604838709678, 1991.9738508064515), (1553.6633064516129, 1998.0686088709676)]
"w_4803.jpg", [(1058.5967741935483, 507.01999999999998), (1715.1129032258063, 451.27806451612901), (2074.338709677419, 1832.43935483871), (1362.0806451612902, 1857.213548387097)]
"w_181.jpg", [(1285.0483870967741, 2214.6496774193542), (2936.4032258064517, 615.55290322580549), (3605.3064516129034, 1169.4883870967733), (2173.4354838709678, 2779.0367741935479)]
"w_4382.jpg", [(1130.8669354838707, 1071.4640725806453), (1663.9717741935483, 929.30278225806455), (2197.0766129032254, 1912.5850403225809), (1355.9556451612902, 1930.3552016129036)]
"w_6106.jpg", [(776.08669354838707, 30.903850806451374), (1816.8729838709678, 14.891754032257722), (2433.338709677419, 1329.2342696572573), (1592.703629032258, 1417.3008019153219)]
"w_11308.jpg", [(857.76612903225805, 957.1875), (2467.8467741935483, 12.429435483870748), (2900.3064516129034, 392.85146169354857), (1316.8387096774193, 1417.4482358870969)]
"w_8065.jpg", [(179.0282258064517, 1322.4793951612901), (2140.5403225806454, 923.52778225806424), (2233.6290322580644, 1462.1124596774193), (591.27822580645181, 1940.8543951612903)]
"w_4724.jpg", [(1099.233870967742, 340.81185483871013), (2909.3548387096771, 368.13443548387113), (2731.7580645161288, 1139.9973387096777), (1017.2661290322579, 846.27959677419381)]
"w_3765.jpg", [(105.01612903225805, 1014.8857056451614), (1747.1108870967741, 757.69014112903233), (1819.6532258064517, 1265.4865120967743), (243.50604838709671, 1469.9240120967743)]
"w_2912.jpg", [(703.96370967741927, 274.65633064516123), (1520.3951612903224, 913.80552419354831), (1198.4879032258063, 1123.7450403225805), (377.39112903225811, 484.59584677419343)]
"w_9154.jpg", [(713.27419354838707, 805.39056451612919), (1617.7983870967744, 5.4712096774196652), (2226.9677419354839, 28.031699596774615), (1427.0483870967741, 1061.7736350806456)]
"w_1590.jpg", [(1171.4354838709676, 361.75903225806474), (2750.7580645161288, 997.95258064516156), (2739.5967741935478, 1656.4687096774196), (914.7258064516127, 841.69451612903254)]
"w_5116.jpg", [(1374.1693548387095, 511.37653225806457), (2469.8467741935478, 404.8523387096775), (2490.1370967741932, 856.31201612903237), (1394.4596774193549, 810.65879032258067)]
"w_8025.jpg", [(1544.1391129032254, 950.92522177419323), (2429.9274193548385, 1412.120786290322), (2093.1814516129029, 1609.7760282258059), (1287.9193548387095, 1192.5038508064513)]
"w_2390.jpg", [(1052.4032258064515, 816.69741935483876), (1554.0806451612902, 829.08451612903241), (1541.6935483870966, 1813.8587096774197), (1015.241935483871, 1764.3103225806453)]
"w_2544.jpg", [(1510.7258064516129, 184.95548387096778), (2173.4354838709678, 1349.3425806451614), (1721.3064516129029, 1566.1167741935487), (934.72580645161293, 587.53612903225803)]
"w_2710.jpg", [(538.33870967741927, 1175.9232258064517), (1913.3064516129029, 878.63290322580656), (2043.3709677419356, 1268.8264516129034), (674.5967741935483, 1559.9232258064519)]
"w_4038.jpg", [(1448.7903225806451, 618.50387